epoch,train_bce,train_kld,train_total,val_bce,val_kld,val_total,beta
1,3168.056815011161,3977.83149552771,3366.9483816964284,2859.76025390625,0.17976199090480804,2859.769287109375,0.05
2,2142.5604073660716,221.37662301744734,2164.698085239955,2136.88623046875,2.879838228225708,2137.17431640625,0.1
3,1595.6523611886162,14.32794748033796,1597.8015311104912,1413.874755859375,6.179217338562012,1414.8016357421875,0.15
4,1281.9198346819196,11.724329130990165,1284.2647007533483,1003.4954833984375,8.577675819396973,1005.2110290527344,0.2
5,1068.9563685825892,10.174115180969238,1071.4998953683037,783.6646118164062,10.387669563293457,786.2615051269531,0.25
6,899.6848493303571,9.418200901576451,902.5103062220982,667.8133544921875,8.00631594657898,670.2152404785156,0.3
7,791.6228114536831,12.129589080810547,795.8681553431919,564.6205139160156,14.30000638961792,569.6255187988281,0.35
8,698.6436418805804,13.83949225289481,704.179443359375,542.6283874511719,12.317505836486816,547.5553894042969,0.4
9,680.4267578125,10.932273592267718,685.3462698800223,497.9085998535156,14.757228374481201,504.5493469238281,0.45
10,594.1710902622768,13.14469051361084,600.7434343610491,449.26751708984375,15.315591812133789,456.92530822753906,0.5
11,606.9954746791294,10.231472969055176,612.622785295759,464.5721130371094,10.181139945983887,470.17173767089844,0.55
12,551.3753400530134,9.668141092572894,557.1762259347098,412.1006622314453,13.91521406173706,420.4497985839844,0.6
13,535.2202584402902,10.01420511518206,541.7295052664621,421.3392791748047,9.953595638275146,427.8091278076172,0.65
14,505.46728951590404,8.051579066685267,511.10339791434154,415.8710174560547,10.319511890411377,423.0946807861328,0.7
15,517.4340558733259,8.347344466618129,523.694562639509,476.196044921875,6.607624530792236,481.1517639160156,0.75
16,496.17283412388394,7.151063237871442,501.89368111746654,402.73480224609375,6.851199150085449,408.21575927734375,0.8
17,528.5689653669085,8.76395504815238,536.018327985491,573.0694274902344,10.695868015289307,582.1609191894531,0.85
18,476.1507873535156,9.926874569484166,485.08497401646207,414.36216735839844,8.94804573059082,422.4154052734375,0.9
19,464.6159014020647,9.376296043395996,473.5233939034598,400.5208282470703,7.394005060195923,407.5451354980469,0.95
20,490.4303501674107,8.26788514001029,498.6982421875,426.6258087158203,7.538363218307495,434.16416931152344,1.0
21,466.35743931361606,8.84240688596453,475.19984654017856,334.29083251953125,7.021323204040527,341.3121643066406,1.0
22,460.64774431501115,9.062606130327497,469.71034458705356,340.8089141845703,6.305661678314209,347.1145782470703,1.0
23,427.1278773716518,9.715941429138184,436.84381103515625,345.6001739501953,6.978448152542114,352.57861328125,1.0
24,459.0555986676897,9.57029206412179,468.62589372907365,368.11798095703125,8.115038394927979,376.23301696777344,1.0
25,428.931649344308,9.14977754865374,438.08143397739957,335.4907531738281,6.540755748748779,342.03150939941406,1.0
26,441.6265171595982,9.067372867039271,450.6938912527902,308.6562957763672,5.821938991546631,314.4782257080078,1.0
27,441.8367483956473,8.827487128121513,450.6642325265067,346.43084716796875,6.412980794906616,352.8438415527344,1.0
28,403.313467843192,9.514749254499163,412.8282165527344,338.74595642089844,5.861520051956177,344.60748291015625,1.0
29,439.1061052594866,8.68961797441755,447.7957240513393,292.8296356201172,5.7134997844696045,298.5431365966797,1.0
30,423.2898646763393,9.069069998604911,432.3589303152902,315.1014862060547,6.537652969360352,321.63914489746094,1.0
31,428.1958487374442,9.56012657710484,437.7559727260045,326.1778564453125,6.6242640018463135,332.8021240234375,1.0
32,411.6486249651228,8.585486207689558,420.2341090611049,283.6248779296875,6.142755508422852,289.7676239013672,1.0
33,394.5689435686384,7.835408551352365,402.4043491908482,292.3704833984375,6.149024248123169,298.5195007324219,1.0
34,429.0851309640067,8.493541036333356,437.5786699567522,297.7917938232422,6.001479625701904,303.79327392578125,1.0
35,408.1871425083705,8.673718452453613,416.8608616420201,286.2851104736328,6.298965215682983,292.5840759277344,1.0
36,411.10894775390625,7.973781176975796,419.08272879464283,305.7857666015625,6.1987950801849365,311.9845733642578,1.0
37,391.191170828683,9.108528477805,400.29970005580356,281.73974609375,6.529208660125732,288.2689514160156,1.0
38,393.1019287109375,8.977026666913714,402.0789533342634,275.8375549316406,6.380651235580444,282.21820068359375,1.0
39,373.55382864815846,8.27552856717791,381.82935878208707,281.28887939453125,6.030949354171753,287.31982421875,1.0
40,388.3438415527344,8.302521705627441,396.6463623046875,279.63446044921875,5.610985994338989,285.2454528808594,1.0
41,401.6559579031808,8.381623268127441,410.03758021763394,310.4846496582031,5.491062641143799,315.9757080078125,1.0
42,410.7001211983817,7.920089312962124,418.62020438058033,339.0077209472656,6.272446870803833,345.28016662597656,1.0
43,406.3280334472656,8.015244279588972,414.34327915736606,261.53395080566406,5.8213746547698975,267.35533142089844,1.0
44,377.7263619559152,8.368316309792656,386.0946786063058,299.7059631347656,5.177152395248413,304.88311767578125,1.0
45,428.85716465541293,8.109780379704066,436.9669494628906,256.8351364135742,5.571760892868042,262.4068908691406,1.0
46,391.032723563058,9.230566161019462,400.26329258510043,257.70995330810547,6.184083700180054,263.89404296875,1.0
47,392.9677734375,8.247801644461495,401.215576171875,272.6770477294922,5.88378381729126,278.5608215332031,1.0
48,407.30142647879467,7.822191783360073,415.12361798967635,258.8449401855469,5.073114395141602,263.91805267333984,1.0
49,385.44102260044644,8.752335684640068,394.19336373465404,256.11693572998047,6.191417455673218,262.30835723876953,1.0
50,409.5430385044643,8.70940467289516,418.25243704659596,266.8082733154297,6.684009075164795,273.4922790527344,1.0
51,397.43646240234375,9.364093508039202,406.80055018833707,254.5855255126953,6.099433898925781,260.68495178222656,1.0
52,376.46651785714283,7.69891813823155,384.1654357910156,256.42181396484375,5.576982736587524,261.9988021850586,1.0
53,392.5464172363281,8.218504292624337,400.7649230957031,256.4682312011719,5.248369932174683,261.7166061401367,1.0
54,374.0096653529576,8.31137922831944,382.321044921875,253.26576232910156,6.012301206588745,259.27806091308594,1.0
55,397.3081534249442,8.649402754647392,405.95755440848217,304.29095458984375,6.303004264831543,310.5939483642578,1.0
56,414.2617841448103,8.960011277879987,423.2217930385045,307.60581970214844,6.383172273635864,313.98899841308594,1.0
57,377.1264081682478,8.698176043374199,385.8245849609375,259.04942321777344,6.147834300994873,265.197265625,1.0
58,388.2374354771205,8.98812130519322,397.22555106026783,263.60181427001953,5.980258941650391,269.5820770263672,1.0
59,388.2042672293527,8.050635201590401,396.2549133300781,261.94512939453125,5.47475528717041,267.4198913574219,1.0
60,389.1815839494978,7.771206719534738,396.95279366629467,252.92926025390625,5.397465944290161,258.32672119140625,1.0
61,391.4800458635603,7.391088145119803,398.8711373465402,264.6322479248047,6.135145664215088,270.76739501953125,1.0
62,387.8949541364397,8.990776198250908,396.88572474888394,248.3876495361328,6.7853686809539795,255.17301177978516,1.0
63,394.1810869489397,8.639822142464775,402.82090541294644,274.9534912109375,6.976114988327026,281.9296112060547,1.0
64,388.2356959751674,8.85012572152274,397.0858241489955,256.1227111816406,6.064790964126587,262.18750762939453,1.0
65,389.48646327427457,8.401832989283971,397.88829258510043,253.09149169921875,5.812968730926514,258.90445709228516,1.0
66,373.9023001534598,8.215074062347412,382.1173749651228,258.92720794677734,6.073240280151367,265.0004577636719,1.0
67,368.1039341517857,8.541607516152519,376.6455383300781,245.4999771118164,6.429576635360718,251.92955780029297,1.0
68,371.7675563267299,8.47902842930385,380.24658639090404,252.1467056274414,6.871791839599609,259.0185012817383,1.0
69,369.90206473214283,8.878600188664027,378.7806614467076,265.5105743408203,6.6739301681518555,272.18450927734375,1.0
70,374.38096836635043,9.095238140651158,383.4762050083705,251.7001724243164,6.0500328540802,257.7502136230469,1.0
71,376.2583661760603,7.748654706137521,384.0070234026228,262.3415832519531,5.454826831817627,267.79640197753906,1.0
72,371.5071062360491,8.181473323277064,379.68858119419644,255.4910430908203,5.887959003448486,261.3790054321289,1.0
73,377.58679635184154,7.524180821010044,385.11097935267856,240.72193145751953,5.868826627731323,246.59075927734375,1.0
74,343.02522931780135,8.148750237056188,351.1739719935826,248.23362731933594,6.019920110702515,254.25354766845703,1.0
75,382.4009704589844,8.211895329611641,390.6128670828683,247.41800689697266,6.263138294219971,253.68114471435547,1.0
76,372.6418718610491,8.168357917240687,380.8102286202567,248.478271484375,5.866810321807861,254.34508514404297,1.0
77,375.52559988839283,8.162307126181465,383.6879098074777,248.74822998046875,5.88236665725708,254.63059997558594,1.0
78,365.74438912527904,8.136831419808525,373.88121250697543,251.00494384765625,5.842309236526489,256.8472595214844,1.0
79,359.3240443638393,8.023405279432025,367.34745134626115,245.64849853515625,5.831781387329102,251.48028564453125,1.0
80,366.0975646972656,7.389347485133579,373.4869166782924,244.2684097290039,6.179572820663452,250.4479751586914,1.0
81,363.2558855329241,7.815617493220738,371.07149396623885,237.00836181640625,6.175350666046143,243.18370819091797,1.0
82,396.39761788504467,7.943737030029297,404.3413565499442,243.775146484375,6.319889068603516,250.09503936767578,1.0
83,351.30628749302457,8.634757723127093,359.9410487583705,247.83978271484375,6.225550174713135,254.06533813476562,1.0
84,379.43216378348217,8.436946392059326,387.8691101074219,242.4651336669922,5.764156103134155,248.22928619384766,1.0
85,362.10103934151783,6.955388069152832,369.05643572126115,244.33331298828125,5.789018630981445,250.1223373413086,1.0
86,386.80807059151783,7.8099790300641745,394.61804635184154,243.3477554321289,6.111526250839233,249.45928192138672,1.0
87,360.77767072405135,7.508857999529157,368.2865295410156,236.78948974609375,6.1439642906188965,242.9334487915039,1.0
88,355.5264238630022,8.15300192151751,363.67943028041293,237.06468200683594,6.1649603843688965,243.22964477539062,1.0
89,347.0662580217634,8.00221048082624,355.06846400669644,243.4955825805664,5.956580638885498,249.4521713256836,1.0
90,368.5166931152344,8.162921701158796,376.6796177455357,246.08990478515625,6.176293849945068,252.2661895751953,1.0
91,353.5286385672433,8.001026426042829,361.5296718052455,241.88556671142578,6.080140113830566,247.96570587158203,1.0
92,353.94266619001115,8.066401072910853,362.00906808035717,234.79969787597656,6.024692058563232,240.82439422607422,1.0
93,360.0698460170201,7.66840934753418,367.7382594517299,237.47124481201172,5.984278678894043,243.4555206298828,1.0
94,356.52794974190846,7.644270283835275,364.1722150530134,235.71123504638672,5.914401292800903,241.62564086914062,1.0
95,338.0122331891741,7.365899562835693,345.37813459123885,236.81919860839844,5.819769620895386,242.63896942138672,1.0
96,369.7089146205357,7.616338457380023,377.3252476283482,243.13844299316406,6.047240257263184,249.18567657470703,1.0
97,362.11033412388394,7.786504541124616,369.89683314732144,244.45755767822266,6.185934066772461,250.64349365234375,1.0
98,360.55426025390625,8.061921528407506,368.6161804199219,242.96725463867188,6.407659292221069,249.37491607666016,1.0
99,349.03995622907365,7.9214775902884345,356.961434500558,238.1260986328125,6.22097635269165,244.34707641601562,1.0
100,355.4919651576451,7.878509998321533,363.37047903878346,236.95713806152344,6.133707284927368,243.0908432006836,1.0
101,356.7045593261719,7.6943952696663995,364.3989475795201,238.60314178466797,6.094583988189697,244.6977310180664,1.0
102,384.2239772251674,7.456915719168527,391.68089076450894,236.1496124267578,5.9383862018585205,242.08799743652344,1.0
103,350.54087611607144,7.88952248437064,358.43040248325894,238.64301300048828,6.010879039764404,244.65390014648438,1.0
104,358.43577793666293,7.655177388872419,366.09095982142856,239.14625549316406,5.972702741622925,245.11895751953125,1.0
105,355.5566842215402,7.69809797831944,363.25477818080356,236.92018127441406,6.01723051071167,242.93741607666016,1.0
106,348.79089791434154,7.292727197919573,356.08362252371654,236.2974395751953,5.983478546142578,242.28092193603516,1.0
107,369.0123552594866,7.495551926749093,376.5079127720424,234.92942810058594,5.958500623703003,240.88792419433594,1.0
108,370.857186453683,7.595326151166644,378.45251028878346,235.94208526611328,6.062403440475464,242.0044937133789,1.0
109,335.4694257463728,7.4915352548871725,342.9609636579241,236.5083999633789,5.963593006134033,242.47199249267578,1.0
110,368.6504603794643,7.644523075648716,376.2949872698103,236.3648223876953,6.008502960205078,242.37332916259766,1.0
111,352.36059134347096,8.065213475908552,360.42579868861606,235.92871856689453,6.067318916320801,241.99604034423828,1.0
112,376.26488821847096,7.448934827532087,383.7138192313058,234.80970764160156,5.9246826171875,240.73439025878906,1.0
113,342.2286682128906,7.620169503348214,349.84884207589283,236.38329315185547,5.9064624309539795,242.2897491455078,1.0
114,360.05480521065846,7.625629970005581,367.680428641183,233.8675994873047,5.982662200927734,239.85025787353516,1.0
115,350.918448311942,7.983914988381522,358.9023699079241,234.08611297607422,6.072858095169067,240.15897369384766,1.0
116,353.0480477469308,7.863173144204276,360.91122000558033,234.0159454345703,6.090505123138428,240.1064453125,1.0
117,368.4034205845424,7.808023793356759,376.21143886021207,233.3878936767578,6.081332206726074,239.46922302246094,1.0
118,348.42407662527904,7.490635940006801,355.91471208844865,232.55559539794922,6.074432611465454,238.6300277709961,1.0
119,341.94295828683033,7.406641006469727,349.34959629603793,232.88442993164062,6.029454946517944,238.91388702392578,1.0
120,338.6752711704799,7.602150644574847,346.2774222237723,233.63671112060547,5.99212908744812,239.62883758544922,1.0
